{"accuracy": [0.9529125094413757, 0.9575750231742859, 0.9582874774932861, 0.9586750268936157, 0.9592124819755554, 0.959137499332428, 0.9607750177383423, 0.9619749784469604, 0.9614874720573425, 0.9626374840736389, 0.961899995803833, 0.9621999859809875, 0.9635499715805054, 0.9636750221252441, 0.9622625112533569, 0.9642249941825867, 0.9637625217437744, 0.9633499979972839, 0.9647499918937683, 0.9649624824523926, 0.9644500017166138, 0.9648749828338623, 0.9640874862670898, 0.9645500183105469, 0.9650874733924866, 0.9669125080108643, 0.9676125049591064, 0.9679625034332275, 0.9672874808311462, 0.9678750038146973, 0.9676499962806702, 0.9690124988555908, 0.9682000279426575, 0.9681249856948853, 0.9690499901771545, 0.9684125185012817, 0.9692875146865845, 0.9694749712944031, 0.9698749780654907, 0.9699249863624573, 0.9702749848365784, 0.9707124829292297, 0.9709500074386597, 0.9703875184059143, 0.9710375070571899, 0.971137523651123, 0.9717000126838684, 0.971512496471405, 0.9714875221252441, 0.9710999727249146, 0.9720249772071838, 0.972100019454956, 0.9716625213623047, 0.97222501039505, 0.9720875024795532, 0.9719374775886536, 0.9720625281333923, 0.9720500111579895, 0.9721375107765198, 0.9727874994277954, 0.973437488079071, 0.972599983215332], "loss": [0.10762067884206772, 0.10104198753833771, 0.09624938666820526, 0.09526807814836502, 0.09510734677314758, 0.09263505041599274, 0.0910366028547287, 0.08984991908073425, 0.08961429446935654, 0.08900845795869827, 0.08940983563661575, 0.08820820599794388, 0.0865447148680687, 0.08684637397527695, 0.0871887356042862, 0.0840812548995018, 0.0849158987402916, 0.08508163690567017, 0.08483199030160904, 0.08412697911262512, 0.08405902981758118, 0.08262814581394196, 0.08312810957431793, 0.08404263108968735, 0.08258264511823654, 0.0775545984506607, 0.07573436200618744, 0.07534816116094589, 0.07552199810743332, 0.07519227266311646, 0.07529248297214508, 0.07363368570804596, 0.0743236318230629, 0.07544577121734619, 0.0744987353682518, 0.07443218678236008, 0.07367084175348282, 0.07088782638311386, 0.07091459631919861, 0.06990928202867508, 0.06974289566278458, 0.06966637820005417, 0.06906603276729584, 0.06889175623655319, 0.0670940950512886, 0.06737229228019714, 0.06664449721574783, 0.06696654111146927, 0.06715953350067139, 0.06731045246124268, 0.06553681939840317, 0.06539446860551834, 0.06630850583314896, 0.06548719853162766, 0.06600955873727798, 0.06610453128814697, 0.06512896716594696, 0.06520397961139679, 0.06441779434680939, 0.0646934062242508, 0.06369656324386597, 0.06440115720033646], "val_accuracy": [0.9581999778747559, 0.9610499739646912, 0.9621999859809875, 0.9635000228881836, 0.9617999792098999, 0.9656000137329102, 0.9661999940872192, 0.9666500091552734, 0.9668499827384949, 0.9660000205039978, 0.9652500152587891, 0.9648500084877014, 0.9674999713897705, 0.9686999917030334, 0.9683499932289124, 0.9685500264167786, 0.9677500128746033, 0.9663500189781189, 0.9696000218391418, 0.9702000021934509, 0.9682000279426575, 0.9680500030517578, 0.9692500233650208, 0.9682499766349792, 0.9684500098228455, 0.9710000157356262, 0.9704999923706055, 0.9695500135421753, 0.9713000059127808, 0.9718999862670898, 0.9711999893188477, 0.971750020980835, 0.9707000255584717, 0.9708499908447266, 0.9714000225067139, 0.9718999862670898, 0.9710999727249146, 0.972599983215332, 0.9728500247001648, 0.9724500179290771, 0.9720500111579895, 0.9716500043869019, 0.9722999930381775, 0.9725000262260437, 0.9729499816894531, 0.9724500179290771, 0.9731000065803528, 0.9725000262260437, 0.9739500284194946, 0.9734500050544739, 0.9733999967575073, 0.9732000231742859, 0.9735000133514404, 0.9731000065803528, 0.9735999703407288, 0.9732499718666077, 0.9729499816894531, 0.9734500050544739, 0.9733499884605408, 0.9733999967575073, 0.9736499786376953, 0.9732000231742859], "val_loss": [0.09568910300731659, 0.08677472174167633, 0.08473099023103714, 0.08191469311714172, 0.08222358673810959, 0.07727120071649551, 0.07902289181947708, 0.08193765580654144, 0.07426778972148895, 0.07682376354932785, 0.08610590547323227, 0.08535250276327133, 0.07295326143503189, 0.07640088349580765, 0.07161440700292587, 0.07089674472808838, 0.0749116912484169, 0.08087143301963806, 0.07044939696788788, 0.06763571500778198, 0.07634738832712173, 0.07538700848817825, 0.07127522677183151, 0.0710926428437233, 0.07284107804298401, 0.06570222973823547, 0.06751611083745956, 0.0648782029747963, 0.06578338891267776, 0.06596994400024414, 0.06630321592092514, 0.06429778784513474, 0.06800711899995804, 0.06775889545679092, 0.06792748719453812, 0.0653439611196518, 0.06894978880882263, 0.0637880265712738, 0.06471278518438339, 0.06625830382108688, 0.06407352536916733, 0.06466111540794373, 0.06406107544898987, 0.0632367730140686, 0.06186244636774063, 0.06375821679830551, 0.06285372376441956, 0.06282603740692139, 0.06246769428253174, 0.06303100287914276, 0.062410663813352585, 0.0614074170589447, 0.062323395162820816, 0.06222176551818848, 0.061974842101335526, 0.06255456060171127, 0.06290198862552643, 0.06278686225414276, 0.06262008845806122, 0.06189122796058655, 0.06256283819675446, 0.06253413110971451], "learning_rate": [0.009999999776482582, 0.009999999776482582, 0.009999999776482582, 0.009999999776482582, 0.009999999776482582, 0.009999999776482582, 0.009999999776482582, 0.009999999776482582, 0.009999999776482582, 0.009999999776482582, 0.009999999776482582, 0.009999999776482582, 0.009999999776482582, 0.009999999776482582, 0.009999999776482582, 0.009999999776482582, 0.009999999776482582, 0.009999999776482582, 0.009999999776482582, 0.009999999776482582, 0.009999999776482582, 0.009999999776482582, 0.009999999776482582, 0.009999999776482582, 0.009999999776482582, 0.004999999888241291, 0.004999999888241291, 0.004999999888241291, 0.004999999888241291, 0.004999999888241291, 0.004999999888241291, 0.004999999888241291, 0.004999999888241291, 0.004999999888241291, 0.004999999888241291, 0.004999999888241291, 0.004999999888241291, 0.0024999999441206455, 0.0024999999441206455, 0.0024999999441206455, 0.0024999999441206455, 0.0024999999441206455, 0.0024999999441206455, 0.0012499999720603228, 0.0012499999720603228, 0.0012499999720603228, 0.0012499999720603228, 0.0012499999720603228, 0.0012499999720603228, 0.0012499999720603228, 0.0006249999860301614, 0.0006249999860301614, 0.0006249999860301614, 0.0006249999860301614, 0.0006249999860301614, 0.0006249999860301614, 0.0006249999860301614, 0.0003124999930150807, 0.0003124999930150807, 0.0003124999930150807, 0.0003124999930150807, 0.0003124999930150807]}