{"accuracy": [0.9522500038146973, 0.9516500234603882, 0.951200008392334, 0.9518499970436096, 0.9529625177383423, 0.9518250226974487, 0.9519374966621399, 0.9520750045776367, 0.9548624753952026, 0.9564499855041504, 0.9556124806404114, 0.9562000036239624, 0.9566624760627747, 0.9559000134468079, 0.9565500020980835, 0.9565374851226807, 0.9559000134468079, 0.9560875296592712, 0.9556249976158142, 0.9555374979972839, 0.9560624957084656, 0.9560875296592712, 0.9561874866485596, 0.9563500285148621, 0.9549875259399414, 0.955887496471405, 0.9554374814033508, 0.9559500217437744, 0.9575499892234802, 0.9584500193595886, 0.9583250284194946, 0.9581000208854675, 0.9588000178337097, 0.9583749771118164, 0.9580875039100647, 0.9586250185966492, 0.9583625197410583, 0.9577000141143799, 0.9583874940872192, 0.9576249718666077, 0.9578624963760376, 0.9585375189781189, 0.9601749777793884, 0.9600375294685364, 0.9598875045776367, 0.9598875045776367, 0.9592124819755554, 0.9602500200271606, 0.9602749943733215, 0.9600625038146973, 0.9602875113487244, 0.9595749974250793, 0.95951247215271, 0.9595249891281128, 0.9591500163078308, 0.9597749710083008, 0.9599499702453613, 0.9593499898910522, 0.9603875279426575, 0.9597625136375427, 0.960812509059906, 0.9597874879837036, 0.9602000117301941, 0.9610375165939331, 0.9602000117301941, 0.9606124758720398, 0.9603250026702881, 0.9612249732017517, 0.9603750109672546, 0.9606999754905701, 0.9602749943733215, 0.9609000086784363, 0.9603875279426575, 0.9605749845504761, 0.9602875113487244, 0.9608625173568726, 0.9614124894142151, 0.9600874781608582, 0.9607124924659729, 0.9611124992370605, 0.9611625075340271, 0.9617999792098999, 0.9615499973297119, 0.9614750146865845, 0.9610499739646912, 0.9624249935150146, 0.9611625075340271, 0.9616875052452087, 0.962149977684021, 0.9614375233650208, 0.9609375, 0.9617249965667725, 0.9613500237464905, 0.9607874751091003, 0.960349977016449, 0.9606999754905701], "loss": [0.13297618925571442, 0.13543617725372314, 0.13575272262096405, 0.13768187165260315, 0.13408724963665009, 0.13627545535564423, 0.13592961430549622, 0.1380770057439804, 0.12864160537719727, 0.12517085671424866, 0.1259428858757019, 0.12512384355068207, 0.12508746981620789, 0.12419632822275162, 0.12340132892131805, 0.1238294318318367, 0.12292352318763733, 0.12341168522834778, 0.12444945424795151, 0.1242055892944336, 0.12413232773542404, 0.12291285395622253, 0.12392131239175797, 0.12344352155923843, 0.12367763370275497, 0.12517917156219482, 0.12397865206003189, 0.12373300641775131, 0.11894594877958298, 0.11717286705970764, 0.11621049791574478, 0.11654003709554672, 0.1167464628815651, 0.11646872758865356, 0.11758839339017868, 0.11643251776695251, 0.11626644432544708, 0.11674074828624725, 0.1158534437417984, 0.1159689798951149, 0.11567846685647964, 0.11526130139827728, 0.11259259283542633, 0.11167200654745102, 0.11171457171440125, 0.11043404787778854, 0.11104042083024979, 0.11152485013008118, 0.11051660031080246, 0.11005082726478577, 0.10984448343515396, 0.1103697270154953, 0.11180051416158676, 0.11056402325630188, 0.11168722063302994, 0.11018408089876175, 0.10940655320882797, 0.11067689210176468, 0.10976176708936691, 0.11020039021968842, 0.11032955348491669, 0.10962671041488647, 0.10815583169460297, 0.10709023475646973, 0.10808037221431732, 0.10743691772222519, 0.10660281032323837, 0.1072324812412262, 0.10741378366947174, 0.10758964717388153, 0.1076563373208046, 0.10660134255886078, 0.10807092487812042, 0.10575588047504425, 0.10572319477796555, 0.10539530962705612, 0.10630320757627487, 0.10736186802387238, 0.1063007116317749, 0.10518471896648407, 0.10502110421657562, 0.10495007038116455, 0.10593660920858383, 0.10466104745864868, 0.10517403483390808, 0.10394153743982315, 0.10540924221277237, 0.10459840297698975, 0.10321599990129471, 0.10538691282272339, 0.10587761551141739, 0.10408676415681839, 0.1045304536819458, 0.10624056309461594, 0.10522982478141785, 0.10450031608343124], "val_accuracy": [0.9573000073432922, 0.9605000019073486, 0.9617000222206116, 0.9627000093460083, 0.9590499997138977, 0.9562000036239624, 0.9624999761581421, 0.9603999853134155, 0.9649999737739563, 0.9629999995231628, 0.9631500244140625, 0.9647499918937683, 0.9635000228881836, 0.9641500115394592, 0.9628000259399414, 0.963450014591217, 0.963100016117096, 0.9632999897003174, 0.9640499949455261, 0.9646499752998352, 0.9612500071525574, 0.9628999829292297, 0.9639000296592712, 0.963699996471405, 0.9617999792098999, 0.9652000069618225, 0.9610499739646912, 0.964900016784668, 0.965749979019165, 0.9647499918937683, 0.9642000198364258, 0.9658499956130981, 0.9656000137329102, 0.9661999940872192, 0.9660500288009644, 0.9654499888420105, 0.9660999774932861, 0.967199981212616, 0.9662500023841858, 0.9657999873161316, 0.9648000001907349, 0.9659000039100647, 0.965399980545044, 0.9653499722480774, 0.9657999873161316, 0.9660999774932861, 0.9655500054359436, 0.9655500054359436, 0.9655500054359436, 0.9656999707221985, 0.9653499722480774, 0.965499997138977, 0.9666500091552734, 0.9666000008583069, 0.9664499759674072, 0.9659500122070312, 0.9663500189781189, 0.9652500152587891, 0.9656500220298767, 0.9656500220298767, 0.9655500054359436, 0.9649500250816345, 0.9660500288009644, 0.9654499888420105, 0.9657999873161316, 0.9668999910354614, 0.9668499827384949, 0.9667999744415283, 0.9652000069618225, 0.9673500061035156, 0.965499997138977, 0.9656999707221985, 0.9666000008583069, 0.9659000039100647, 0.9666000008583069, 0.9658499956130981, 0.9656000137329102, 0.9655500054359436, 0.9664999842643738, 0.9665499925613403, 0.9660999774932861, 0.965749979019165, 0.9662500023841858, 0.9659000039100647, 0.9664000272750854, 0.9665499925613403, 0.9664499759674072, 0.9659500122070312, 0.9660999774932861, 0.9662500023841858, 0.9660500288009644, 0.9660999774932861, 0.9659500122070312, 0.9659000039100647, 0.9660500288009644, 0.9660500288009644], "val_loss": [0.11547157913446426, 0.11449719220399857, 0.11295249313116074, 0.11312583088874817, 0.11570456624031067, 0.12082752585411072, 0.11417809128761292, 0.11623581498861313, 0.10627000778913498, 0.10495532304048538, 0.10784231871366501, 0.10459276288747787, 0.10678966343402863, 0.10429634898900986, 0.10351136326789856, 0.1047528088092804, 0.10584472864866257, 0.10532736778259277, 0.10213775187730789, 0.10291071981191635, 0.10738641023635864, 0.10265340656042099, 0.10146718472242355, 0.10332173854112625, 0.10412656515836716, 0.10240188986063004, 0.10516560077667236, 0.10144845396280289, 0.09873659908771515, 0.09939432144165039, 0.09905380010604858, 0.09776590019464493, 0.09847760945558548, 0.09671434015035629, 0.0970788523554802, 0.09746380895376205, 0.09648413956165314, 0.09689581394195557, 0.09665706008672714, 0.09719940274953842, 0.09848108887672424, 0.09741748869419098, 0.09610030800104141, 0.09523188322782516, 0.09437418729066849, 0.09508594870567322, 0.09459666907787323, 0.0944017842411995, 0.09441480785608292, 0.0936034694314003, 0.09476321190595627, 0.09349079430103302, 0.09326837211847305, 0.09251777827739716, 0.0926329642534256, 0.09357514977455139, 0.09214330464601517, 0.09307341277599335, 0.09415498375892639, 0.09388871490955353, 0.09276586025953293, 0.09428627043962479, 0.09235312044620514, 0.0919872522354126, 0.09157930314540863, 0.09039932489395142, 0.09090837091207504, 0.09105164557695389, 0.09219543635845184, 0.0908702164888382, 0.0916072428226471, 0.09049594402313232, 0.09031611680984497, 0.09031596779823303, 0.08990444242954254, 0.0908132940530777, 0.09091389179229736, 0.09119009226560593, 0.09037000685930252, 0.090144082903862, 0.09021449089050293, 0.09012937545776367, 0.09012166410684586, 0.08988428860902786, 0.08984298259019852, 0.08959601074457169, 0.08959969878196716, 0.08998551964759827, 0.08975447714328766, 0.08964850753545761, 0.0898384302854538, 0.0897904708981514, 0.09018658101558685, 0.08997766673564911, 0.09021475166082382, 0.090016208589077],