{"accuracy": [0.9509750008583069, 0.9609875082969666, 0.9625250101089478, 0.9639000296592712, 0.9656124711036682, 0.9670875072479248, 0.9685500264167786, 0.969337522983551, 0.9703249931335449, 0.9716874957084656, 0.9725000262260437, 0.9734625220298767, 0.9739500284194946, 0.9746999740600586, 0.9753875136375427, 0.9754624962806702, 0.9763749837875366, 0.9762874841690063, 0.9773874878883362, 0.9773749709129333, 0.9776750206947327, 0.9779624938964844, 0.9782750010490417, 0.9784374833106995, 0.9788749814033508, 0.9786750078201294, 0.979200005531311, 0.9789749979972839, 0.9793499708175659, 0.979812502861023, 0.979449987411499, 0.9797499775886536, 0.9794999957084656, 0.9801250100135803, 0.9800500273704529, 0.979812502861023, 0.9799374938011169, 0.9798750281333923, 0.9799500107765198, 0.9801375269889832, 0.9802625179290771, 0.9801499843597412, 0.980400025844574, 0.980525016784668, 0.9803375005722046, 0.9805124998092651, 0.9804999828338623, 0.9806874990463257, 0.9803875088691711, 0.9804375171661377, 0.9805874824523926, 0.9805499911308289, 0.980774998664856, 0.9805625081062317, 0.9808624982833862, 0.9806249737739563, 0.9805499911308289, 0.9806749820709229, 0.9804999828338623, 0.9806625247001648, 0.9805999994277954], "loss": [0.11252907663583755, 0.09019976854324341, 0.08675996959209442, 0.0829920768737793, 0.07833585888147354, 0.07579565793275833, 0.07290641963481903, 0.07193778455257416, 0.06869208067655563, 0.06708086282014847, 0.06476559489965439, 0.06236205995082855, 0.0611218698322773, 0.05963979661464691, 0.05871017277240753, 0.057205189019441605, 0.05619880557060242, 0.05474042892456055, 0.05405533313751221, 0.05337817221879959, 0.05295310541987419, 0.05199526995420456, 0.051453929394483566, 0.05097397416830063, 0.05037848651409149, 0.050157707184553146, 0.049397267401218414, 0.04929744079709053, 0.048899851739406586, 0.04850226640701294, 0.04831752926111221, 0.04798010364174843, 0.04782206565141678, 0.04762318357825279, 0.047462690621614456, 0.04719938337802887, 0.04714339226484299, 0.0470537431538105, 0.04693876951932907, 0.04677923396229744, 0.04668803513050079, 0.04650485888123512, 0.04649271070957184, 0.046327803283929825, 0.04632187634706497, 0.04627940058708191, 0.04618091508746147, 0.046088673174381256, 0.04610290378332138, 0.04605643078684807, 0.04598875716328621, 0.04594438895583153, 0.04592965170741081, 0.04588276147842407, 0.04582174867391586, 0.04585260525345802, 0.045810144394636154, 0.04578441381454468, 0.045769233256578445, 0.045741572976112366, 0.04573438689112663], "val_accuracy": [0.9563999772071838, 0.9603000283241272, 0.9612500071525574, 0.9642500281333923, 0.96670001745224, 0.9656500220298767, 0.9677500128746033, 0.9666500091552734, 0.9731500148773193, 0.9725000262260437, 0.9715499877929688, 0.971750020980835, 0.9757999777793884, 0.9750499725341797, 0.9757000207901001, 0.9749500155448914, 0.9760500192642212, 0.9768999814987183, 0.9772499799728394, 0.9773499965667725, 0.9781000018119812, 0.9782999753952026, 0.9776999950408936, 0.9776999950408936, 0.9770500063896179, 0.9782000184059143, 0.9781000018119812, 0.977649986743927, 0.979449987411499, 0.9784500002861023, 0.9781000018119812, 0.9784500002861023, 0.9790499806404114, 0.9787999987602234, 0.9790499806404114, 0.9785500168800354, 0.9793499708175659, 0.9797999858856201, 0.9793499708175659, 0.9796500205993652, 0.9796000123023987, 0.9793999791145325, 0.9788500070571899, 0.9793499708175659, 0.979200005531311, 0.9793499708175659, 0.9792500138282776, 0.9799000024795532, 0.979449987411499, 0.9793999791145325, 0.9797499775886536, 0.9800500273704529, 0.9793000221252441, 0.9798499941825867, 0.9797000288963318, 0.9799000024795532, 0.9797499775886536, 0.9797499775886536, 0.9796500205993652, 0.9797000288963318, 0.9798499941825867], "val_loss": [0.09577567130327225, 0.08870438486337662, 0.08802086114883423, 0.08156885951757431, 0.07545975595712662, 0.07655695080757141, 0.07410208135843277, 0.07692267745733261, 0.06200040131807327, 0.0638623833656311, 0.06580375134944916, 0.06764158606529236, 0.05883001163601875, 0.057360075414180756, 0.056919731199741364, 0.058263231068849564, 0.05515477433800697, 0.05514749139547348, 0.05491561442613602, 0.054757989943027496, 0.05321863293647766, 0.05158643797039986, 0.05280357226729393, 0.051898881793022156, 0.053292736411094666, 0.051575012505054474, 0.05278798192739487, 0.05184232071042061, 0.05055450275540352, 0.052656080573797226, 0.050796277821063995, 0.050903934985399246, 0.050471339374780655, 0.05098502337932587, 0.05029048025608063, 0.050701990723609924, 0.05018569901585579, 0.05020395666360855, 0.0501425601541996, 0.05004783719778061, 0.05001293495297432, 0.05020250007510185, 0.05063464492559433, 0.05064380168914795, 0.05017538368701935, 0.05014665052294731, 0.050229281187057495, 0.05008362978696823, 0.05008561164140701, 0.05007981136441231, 0.050001271069049835, 0.0500534288585186, 0.05008658021688461, 0.05009479820728302, 0.050171609967947006, 0.050071246922016144, 0.050043582916259766, 0.05003270134329796, 0.05003742873668671, 0.05004275217652321, 0.05004562437534332], "learning_rate": [0.009999999776482582, 0.009999999776482582, 0.009999999776482582, 0.009999999776482582, 0.009999999776482582, 0.009999999776482582, 0.009999999776482582, 0.009999999776482582, 0.009999999776482582, 0.009999999776482582, 0.009048374369740486, 0.008187307976186275, 0.007408182602375746, 0.006703200750052929, 0.006065306719392538, 0.005488116294145584, 0.0049658529460430145, 0.0044932896271348, 0.004065696615725756, 0.0036787944845855236, 0.0033287107944488525, 0.0030119421426206827, 0.0027253178413957357, 0.0024659696500748396, 0.0022313015069812536, 0.002018965082243085, 0.001826835097745061, 0.0016529887216165662, 0.0014956860104575753, 0.0013533526798710227, 0.0012245641555637121, 0.0011080314870923758, 0.0010025883093476295, 0.0009071794338524342, 0.0008208499057218432, 0.0007427356904372573, 0.0006720550591126084, 0.0006081005558371544, 0.0005502321291714907, 0.0004978706128895283, 0.00045049196342006326, 0.00040762199205346406, 0.00036883162101730704, 0.0003337326634209603, 0.0003019738069269806, 0.00027323720860295, 0.00024723526439629495, 0.0002237077133031562, 0.00020241910533513874, 0.00018315638590138406, 0.00016572675667703152, 0.00014995576930232346, 0.00013568559370469302, 0.00012277340283617377, 0.00011108996841358021, 0.00010051835852209479, 9.095277346204966e-05, 8.229747618315741e-05, 7.446583913406357e-05, 6.737947842339054e-05, 6.096747165429406e-05]}